{"accuracy": [0.7525720000267029, 0.8656370639801025, 0.9052767157554626, 0.9171171188354492, 0.9276705384254456, 0.9341055154800415, 0.9428571462631226, 0.9418275356292725, 0.9516087770462036, 0.9541827440261841, 0.9601029753684998, 0.9626769423484802, 0.9750321507453918, 0.9747747778892517, 0.9745173454284668, 0.9837837815284729, 0.9827541708946228, 0.9812097549438477, 0.9889317750930786, 0.9861003756523132, 0.9863578081130981, 0.9894465804100037, 0.9861003756523132, 0.9907335638999939, 0.9899613857269287, 0.9902188181877136, 0.9933075904846191, 0.991248369216919, 0.9909909963607788, 0.9920206069946289, 0.9933075904846191, 0.9904761910438538, 0.993050217628479, 0.9920206069946289, 0.9933075904846191, 0.9927927851676941], "loss": [0.6026185154914856, 0.3260098397731781, 0.25015556812286377, 0.21130597591400146, 0.18847066164016724, 0.1699804663658142, 0.14698219299316406, 0.1458611786365509, 0.12287577986717224, 0.1172095462679863, 0.1025383397936821, 0.09139835089445114, 0.07266883552074432, 0.0690770372748375, 0.06371816247701645, 0.04910138621926308, 0.04734189435839653, 0.04815973341464996, 0.03635353967547417, 0.03848612308502197, 0.03855515271425247, 0.03271230310201645, 0.03654369339346886, 0.02985958568751812, 0.030955469235777855, 0.030110424384474754, 0.025120897218585014, 0.02545166015625, 0.027039209380745888, 0.025695141404867172, 0.022576820105314255, 0.027213551104068756, 0.02315191552042961, 0.024092165753245354, 0.023734690621495247, 0.02377241477370262], "val_accuracy": [0.8770833611488342, 0.8995816111564636, 0.8933054208755493, 0.8828451633453369, 0.9225941300392151, 0.9476987719535828, 0.9476987719535828, 0.9476987719535828, 0.9476987719535828, 0.9456067085266113, 0.939330518245697, 0.9372385144233704, 0.930962324142456, 0.9435146450996399, 0.9351464509963989, 0.9414225816726685, 0.9372385144233704, 0.9372385144233704, 0.9539749026298523, 0.9602510333061218, 0.9623430967330933, 0.9602510333061218, 0.9602510333061218, 0.9623430967330933, 0.9644351601600647, 0.9644351601600647, 0.9602510333061218, 0.9602510333061218, 0.9644351601600647, 0.9602510333061218, 0.9623430967330933, 0.9707112908363342, 0.9623430967330933, 0.9644351601600647, 0.9602510333061218, 0.9602510333061218], "val_loss": [0.32560861110687256, 0.23171274363994598, 0.26174622774124146, 0.2513255476951599, 0.18119655549526215, 0.15548016130924225, 0.14931507408618927, 0.14493757486343384, 0.13748398423194885, 0.15825191140174866, 0.15227806568145752, 0.16596917808055878, 0.19818060100078583, 0.15116919577121735, 0.17678947746753693, 0.14148388803005219, 0.14467406272888184, 0.1581566035747528, 0.11884195357561111, 0.11307906359434128, 0.10362453758716583, 0.10517433285713196, 0.10776045173406601, 0.10404463857412338, 0.10486357659101486, 0.08601287752389908, 0.10179566591978073, 0.10201682895421982, 0.09869875758886337, 0.104000024497509, 0.09719209372997284, 0.09939069300889969, 0.10344978421926498, 0.10017281025648117, 0.10612936317920685, 0.10613178461790085], "learning_rate": [9.999999747378752e-05, 9.999999747378752e-05, 9.999999747378752e-05, 9.999999747378752e-05, 9.999999747378752e-05, 9.999999747378752e-05, 9.999999747378752e-05, 9.999999747378752e-05, 9.999999747378752e-05, 9.999999747378752e-05, 9.999999747378752e-05, 9.999999747378752e-05, 4.999999873689376e-05, 4.999999873689376e-05, 4.999999873689376e-05, 2.499999936844688e-05, 2.499999936844688e-05, 2.499999936844688e-05, 1.249999968422344e-05, 1.249999968422344e-05, 1.249999968422344e-05, 1.249999968422344e-05, 1.249999968422344e-05, 1.249999968422344e-05, 6.24999984211172e-06, 6.24999984211172e-06, 6.24999984211172e-06, 6.24999984211172e-06, 6.24999984211172e-06, 3.12499992105586e-06, 3.12499992105586e-06, 3.12499992105586e-06, 1.56249996052793e-06, 1.56249996052793e-06, 1.56249996052793e-06, 9.999999974752427e-07]}