{"accuracy": [0.7667180895805359, 0.8761904835700989, 0.9160875082015991, 0.9294723272323608, 0.9407979249954224, 0.9464607238769531, 0.9487773776054382, 0.961904764175415, 0.9667953848838806, 0.9758043885231018, 0.9729729890823364, 0.9755469560623169, 0.9824967980384827, 0.9819819927215576, 0.9891892075538635, 0.991763174533844, 0.993050217628479, 0.9945945739746094, 0.9976834058761597, 0.9984555840492249, 0.9984555840492249, 0.9989703893661499, 0.999485194683075, 1.0, 1.0, 0.9992278218269348, 0.9997426271438599, 0.999485194683075, 1.0, 0.9992278218269348, 0.999485194683075, 0.9997426271438599, 1.0, 1.0, 0.9997426271438599, 0.999485194683075], "loss": [0.5714709162712097, 0.3187399208545685, 0.22971917688846588, 0.18693424761295319, 0.15844061970710754, 0.13322223722934723, 0.11531075090169907, 0.10017047077417374, 0.08548528701066971, 0.0708872526884079, 0.07303017377853394, 0.06359899044036865, 0.05007846653461456, 0.04931141808629036, 0.02981620468199253, 0.02485327236354351, 0.019509419798851013, 0.014880064874887466, 0.010056070983409882, 0.007398819085210562, 0.0071647921577095985, 0.007016572169959545, 0.004346142057329416, 0.0024181695189327, 0.0021965771447867155, 0.003339376300573349, 0.0030131107196211815, 0.002957128919661045, 0.0017590343486517668, 0.0021372924093157053, 0.0023636468686163425, 0.0023949486203491688, 0.0015169919934123755, 0.001761500257998705, 0.0014100144617259502, 0.0022580449003726244], "val_accuracy": [0.8708333373069763, 0.910041868686676, 0.8912134170532227, 0.8870292901992798, 0.8995816111564636, 0.9372385144233704, 0.9435146450996399, 0.9539749026298523, 0.9539749026298523, 0.9518828392028809, 0.9581589698791504, 0.9518828392028809, 0.9497907757759094, 0.9456067085266113, 0.9414225816726685, 0.9476987719535828, 0.9518828392028809, 0.9518828392028809, 0.9665272235870361, 0.9518828392028809, 0.9581589698791504, 0.9581589698791504, 0.9581589698791504, 0.9560669660568237, 0.9602510333061218, 0.9581589698791504, 0.9602510333061218, 0.9644351601600647, 0.9581589698791504, 0.9665272235870361, 0.9581589698791504, 0.9602510333061218, 0.9665272235870361, 0.9581589698791504, 0.9581589698791504, 0.9560669660568237], "val_loss": [0.3462516665458679, 0.22278305888175964, 0.2577624022960663, 0.2946174442768097, 0.20901261270046234, 0.1621040403842926, 0.14786949753761292, 0.1258426457643509, 0.14477038383483887, 0.13927406072616577, 0.12325140833854675, 0.1698518693447113, 0.1369846612215042, 0.16534556448459625, 0.15173527598381042, 0.1697748750448227, 0.1545778214931488, 0.16104532778263092, 0.11849471926689148, 0.1580413281917572, 0.13595925271511078, 0.13543830811977386, 0.13883231580257416, 0.14312297105789185, 0.14553289115428925, 0.11369683593511581, 0.14369341731071472, 0.14793017506599426, 0.1441258043050766, 0.15306305885314941, 0.13969282805919647, 0.1399424821138382, 0.14240720868110657, 0.15576612949371338, 0.1500430405139923, 0.15104496479034424], "learning_rate": [9.999999747378752e-05, 9.999999747378752e-05, 9.999999747378752e-05, 9.999999747378752e-05, 9.999999747378752e-05, 9.999999747378752e-05, 9.999999747378752e-05, 9.999999747378752e-05, 9.999999747378752e-05, 9.999999747378752e-05, 9.999999747378752e-05, 9.999999747378752e-05, 9.999999747378752e-05, 9.999999747378752e-05, 4.999999873689376e-05, 4.999999873689376e-05, 4.999999873689376e-05, 2.499999936844688e-05, 2.499999936844688e-05, 2.499999936844688e-05, 2.499999936844688e-05, 2.499999936844688e-05, 1.249999968422344e-05, 1.249999968422344e-05, 1.249999968422344e-05, 6.24999984211172e-06, 6.24999984211172e-06, 6.24999984211172e-06, 6.24999984211172e-06, 3.12499992105586e-06, 3.12499992105586e-06, 3.12499992105586e-06, 1.56249996052793e-06, 1.56249996052793e-06, 1.56249996052793e-06, 9.999999974752427e-07]}