{
    "accuracy": [
        0.8217279314994812,
        0.9485054016113281,
        0.9590933918952942,
        0.9638949632644653,
        0.9671375751495361,
        0.9692889451980591,
        0.9707098603248596,
        0.9716212749481201,
        0.9725380539894104,
        0.9734567403793335,
        0.9740029573440552,
        0.9748777747154236,
        0.9752687811851501,
        0.9755911827087402,
        0.9761691093444824,
        0.9763571619987488,
        0.9768570065498352,
        0.9772686958312988,
        0.9779042601585388,
        0.9782279133796692
    ],
    "f1_metric": [
        0.4090927839279175,
        0.9000604152679443,
        0.9206365346908569,
        0.9300093650817871,
        0.936262309551239,
        0.940500020980835,
        0.9432950615882874,
        0.9451203346252441,
        0.9470077753067017,
        0.9487245082855225,
        0.9498515725135803,
        0.9516083002090454,
        0.9524540305137634,
        0.9531549215316772,
        0.9542531967163086,
        0.9546555280685425,
        0.9556753039360046,
        0.9565104842185974,
        0.9577904939651489,
        0.958415150642395
    ],
    "iou_metric": [
        0.34694159030914307,
        0.8158137202262878,
        0.8512415885925293,
        0.8679439425468445,
        0.8791270852088928,
        0.8868896961212158,
        0.8919646739959717,
        0.8953167796134949,
        0.8987661004066467,
        0.9019002318382263,
        0.9039586782455444,
        0.9071714282035828,
        0.9087059497833252,
        0.9099382162094116,
        0.9119886159896851,
        0.912743866443634,
        0.914594292640686,
        0.9161638021469116,
        0.9185255169868469,
        0.9196798205375671
    ],
    "loss": [
        0.3888392746448517,
        0.13128800690174103,
        0.10340061783790588,
        0.09094327688217163,
        0.08260630816221237,
        0.07688960433006287,
        0.0728844553232193,
        0.07050658017396927,
        0.06801833212375641,
        0.06552942842245102,
        0.06402858346700668,
        0.06182002276182175,
        0.06057516485452652,
        0.059537701308727264,
        0.05807294324040413,
        0.05747419223189354,
        0.0559023953974247,
        0.05493421107530594,
        0.053135599941015244,
        0.0522889718413353
    ],
    "precision_metric": [
        0.9110268354415894,
        0.9162477254867554,
        0.9311904907226562,
        0.9395337700843811,
        0.9455580711364746,
        0.9494558572769165,
        0.9521245956420898,
        0.9539529085159302,
        0.9557431936264038,
        0.9572503566741943,
        0.9579528570175171,
        0.959138810634613,
        0.9598939418792725,
        0.9603061079978943,
        0.9611364603042603,
        0.9612915515899658,
        0.9620728492736816,
        0.9625752568244934,
        0.9632667303085327,
        0.9636839032173157
    ],
    "recall_metric": [
        0.38499993085861206,
        0.8866155743598938,
        0.9115874767303467,
        0.9217236638069153,
        0.9278275966644287,
        0.9322012066841125,
        0.9350751638412476,
        0.9368906021118164,
        0.9387776255607605,
        0.9406883716583252,
        0.9422498345375061,
        0.9444694519042969,
        0.9454324841499329,
        0.9463594555854797,
        0.9477130770683289,
        0.9484347701072693,
        0.9495992064476013,
        0.9507517218589783,
        0.9525595903396606,
        0.9533928632736206
    ],
    "val_accuracy": [
        0.9354884028434753,
        0.9560168981552124,
        0.9574533104896545,
        0.9664019346237183,
        0.9683175683021545,
        0.969979465007782,
        0.969789445400238,
        0.9708908796310425,
        0.9724077582359314,
        0.9725169539451599,
        0.9733927249908447,
        0.9738134145736694,
        0.9737499356269836,
        0.9745178818702698,
        0.9728514552116394,
        0.9737468361854553,
        0.9746461510658264,
        0.9740814566612244,
        0.9751077890396118,
        0.9752950072288513
    ],
    "val_f1_metric": [
        0.8742797374725342,
        0.9179127812385559,
        0.9222400784492493,
        0.9365184903144836,
        0.9399593472480774,
        0.9432317614555359,
        0.9433852434158325,
        0.9457096457481384,
        0.9482554793357849,
        0.9480745196342468,
        0.9499676823616028,
        0.9508872032165527,
        0.9509134888648987,
        0.9523786306381226,
        0.9498246908187866,
        0.9503777027130127,
        0.9523390531539917,
        0.9512239694595337,
        0.9532182216644287,
        0.9539586901664734
    ],
    "val_iou_metric": [
        0.7741556167602539,
        0.8461424708366394,
        0.8543537855148315,
        0.8792591691017151,
        0.8858464360237122,
        0.8916074633598328,
        0.8921825289726257,
        0.8961557149887085,
        0.9008429050445557,
        0.9004680514335632,
        0.9040088057518005,
        0.9056921005249023,
        0.9059067964553833,
        0.908431887626648,
        0.903758704662323,
        0.9049270153045654,
        0.9084068536758423,
        0.906404435634613,
        0.9101023077964783,
        0.9114498496055603
    ],
    "val_loss": [
        0.163739413022995,
        0.10999860614538193,
        0.10535796731710434,
        0.08348112553358078,
        0.08020228147506714,
        0.07435882836580276,
        0.0757245421409607,
        0.0719628855586052,
        0.06831338256597519,
        0.06759371608495712,
        0.06577999144792557,
        0.06471677124500275,
        0.0648285374045372,
        0.06252243369817734,
        0.06776633113622665,
        0.06503487378358841,
        0.062349967658519745,
        0.06571409851312637,
        0.062497373670339584,
        0.06239056959748268
    ],
    "val_precision_metric": [
        0.9224233627319336,
        0.9146105647087097,
        0.8917046785354614,
        0.9458059072494507,
        0.9498887062072754,
        0.9549900889396667,
        0.9377011656761169,
        0.9375802874565125,
        0.9530428051948547,
        0.9608191251754761,
        0.9611499905586243,
        0.9587037563323975,
        0.9525885581970215,
        0.9570024013519287,
        0.9363020658493042,
        0.972520649433136,
        0.9673907160758972,
        0.9689874649047852,
        0.9692025184631348,
        0.9612715244293213
    ],
    "val_recall_metric": [
        0.8312718868255615,
        0.9214597940444946,
        0.9551392793655396,
        0.9275330305099487,
        0.9303556084632874,
        0.9318585991859436,
        0.949282169342041,
        0.9540879726409912,
        0.9436144232749939,
        0.9357569813728333,
        0.9391482472419739,
        0.9433130025863647,
        0.9493654370307922,
        0.947899580001831,
        0.9638651013374329,
        0.9293180108070374,
        0.9378381967544556,
        0.9341936707496643,
        0.9378507733345032,
        0.9468547701835632
    ],
    "learning_rate": [
        4.999999873689376e-05,
        4.999999873689376e-05,
        4.999999873689376e-05,
        4.999999873689376e-05,
        4.999999873689376e-05,
        4.999999873689376e-05,
        4.999999873689376e-05,
        4.999999873689376e-05,
        4.999999873689376e-05,
        4.999999873689376e-05,
        4.999999873689376e-05,
        4.999999873689376e-05,
        4.999999873689376e-05,
        4.999999873689376e-05,
        4.999999873689376e-05,
        4.999999873689376e-05,
        4.999999873689376e-05,
        4.999999873689376e-05,
        4.999999873689376e-05,
        4.999999873689376e-05
    ]
}