{"accuracy": [0.8299897313117981, 0.8952381014823914, 0.9114543199539185, 0.9220077395439148, 0.9271557331085205, 0.9323037266731262, 0.9361647367477417, 0.9407979249954224, 0.9425997138023376, 0.953925371170044, 0.9541827440261841, 0.953153133392334, 0.9552123546600342, 0.9567567706108093, 0.9593307375907898, 0.9601029753684998, 0.961904764175415, 0.9624195694923401, 0.9634491801261902, 0.9647361636161804, 0.9642213582992554, 0.9665379524230957, 0.968339741230011, 0.968339741230011, 0.9657657742500305, 0.9673101902008057, 0.9680823683738708, 0.9709137678146362, 0.969626784324646, 0.9709137678146362, 0.9719433784484863, 0.9740025997161865, 0.9729729890823364, 0.9742599725723267, 0.9763191938400269, 0.9737451672554016], "loss": [0.4691040515899658, 0.28787291049957275, 0.24759334325790405, 0.2240883857011795, 0.20542146265506744, 0.1913037747144699, 0.17992746829986572, 0.16896365582942963, 0.1599220335483551, 0.1442614495754242, 0.13855697214603424, 0.13566534221172333, 0.13117624819278717, 0.1291043907403946, 0.12428354471921921, 0.12250906229019165, 0.11789023131132126, 0.11454826593399048, 0.10824783146381378, 0.10721428692340851, 0.1068977415561676, 0.10362870991230011, 0.1012771874666214, 0.09936538338661194, 0.09966673702001572, 0.09925296902656555, 0.0972311794757843, 0.09466332197189331, 0.09351152926683426, 0.0925099328160286, 0.09074313938617706, 0.0866069570183754, 0.087251678109169, 0.0863879919052124, 0.08496054261922836, 0.08582531660795212], "val_accuracy": [0.8687499761581421, 0.9016736149787903, 0.9058577418327332, 0.910041868686676, 0.9079498052597046, 0.9016736149787903, 0.8912134170532227, 0.9058577418327332, 0.9016736149787903, 0.9058577418327332, 0.9079498052597046, 0.910041868686676, 0.9205020666122437, 0.9163179993629456, 0.918410062789917, 0.9142259359359741, 0.9142259359359741, 0.9163179993629456, 0.9225941300392151, 0.9225941300392151, 0.9246861934661865, 0.9330543875694275, 0.930962324142456, 0.939330518245697, 0.9414225816726685, 0.9414225816726685, 0.9330543875694275, 0.9351464509963989, 0.9288703203201294, 0.930962324142456, 0.930962324142456, 0.9288703203201294, 0.926778256893158, 0.9288703203201294, 0.9288703203201294, 0.9288703203201294], "val_loss": [0.3110817074775696, 0.26422351598739624, 0.25201109051704407, 0.24413363635540009, 0.24664023518562317, 0.2513514459133148, 0.2567622661590576, 0.24780723452568054, 0.2513079345226288, 0.21740925312042236, 0.20744705200195312, 0.20615100860595703, 0.18874609470367432, 0.19226352870464325, 0.19581738114356995, 0.20000173151493073, 0.19672073423862457, 0.19229260087013245, 0.18025466799736023, 0.18801075220108032, 0.1871778517961502, 0.18324124813079834, 0.18017597496509552, 0.1800028383731842, 0.17528961598873138, 0.1628902554512024, 0.1757717877626419, 0.17000821232795715, 0.1751593053340912, 0.1739889234304428, 0.17384833097457886, 0.17402318120002747, 0.1737496554851532, 0.17051948606967926, 0.17599128186702728, 0.17223314940929413], "learning_rate": [9.999999747378752e-05, 9.999999747378752e-05, 9.999999747378752e-05, 9.999999747378752e-05, 9.999999747378752e-05, 9.999999747378752e-05, 9.999999747378752e-05, 9.999999747378752e-05, 9.999999747378752e-05, 4.999999873689376e-05, 4.999999873689376e-05, 4.999999873689376e-05, 4.999999873689376e-05, 4.999999873689376e-05, 4.999999873689376e-05, 4.999999873689376e-05, 4.999999873689376e-05, 4.999999873689376e-05, 2.499999936844688e-05, 2.499999936844688e-05, 2.499999936844688e-05, 2.499999936844688e-05, 2.499999936844688e-05, 2.499999936844688e-05, 2.499999936844688e-05, 2.499999936844688e-05, 2.499999936844688e-05, 2.499999936844688e-05, 2.499999936844688e-05, 2.499999936844688e-05, 2.499999936844688e-05, 1.249999968422344e-05, 1.249999968422344e-05, 1.249999968422344e-05, 1.249999968422344e-05, 1.249999968422344e-05]}