{
    "accuracy": [
        0.8234761357307434,
        0.9487457871437073,
        0.9599280953407288,
        0.9651612043380737,
        0.9680802822113037,
        0.969469428062439,
        0.9706480503082275,
        0.971926748752594,
        0.9726890921592712,
        0.9736819863319397,
        0.9737688302993774,
        0.9746642708778381,
        0.9751443862915039,
        0.9754335880279541,
        0.9758461713790894,
        0.9765316843986511,
        0.9767047166824341,
        0.9772730469703674,
        0.9783535599708557,
        0.9786285758018494
    ],
    "f1_metric": [
        0.44292309880256653,
        0.900880753993988,
        0.9227638244628906,
        0.932822048664093,
        0.9384435415267944,
        0.9411132335662842,
        0.9434534311294556,
        0.9459091424942017,
        0.9475179314613342,
        0.9494760632514954,
        0.949634850025177,
        0.9513983726501465,
        0.9523280262947083,
        0.9530012607574463,
        0.9538280367851257,
        0.9551755785942078,
        0.9555937051773071,
        0.9566561579704285,
        0.9588436484336853,
        0.9593064785003662
    ],
    "iou_metric": [
        0.3755900263786316,
        0.8172547221183777,
        0.8546852469444275,
        0.8727203607559204,
        0.8829761147499084,
        0.8879240155220032,
        0.8921777009963989,
        0.896687388420105,
        0.8996129631996155,
        0.90314781665802,
        0.9035024046897888,
        0.9067109823226929,
        0.9083836674690247,
        0.9096514582633972,
        0.9111669659614563,
        0.9136494994163513,
        0.9144138693809509,
        0.9164056777954102,
        0.9204491376876831,
        0.9213203191757202
    ],
    "loss": [
        0.37259048223495483,
        0.13077209889888763,
        0.10138396918773651,
        0.08758863061666489,
        0.07984206825494766,
        0.07606931775808334,
        0.0730133131146431,
        0.06952598690986633,
        0.06735056638717651,
        0.0647689551115036,
        0.06433891505002975,
        0.06210697814822197,
        0.06066412106156349,
        0.05980873852968216,
        0.058834176510572433,
        0.05683226138353348,
        0.05643843859434128,
        0.05472024530172348,
        0.05188416317105293,
        0.05097246170043945
    ],
    "precision_metric": [
        0.8858070373535156,
        0.9150752425193787,
        0.9320166110992432,
        0.9420648813247681,
        0.9478155374526978,
        0.9505289196968079,
        0.9526969194412231,
        0.9548670649528503,
        0.9559267163276672,
        0.9575055837631226,
        0.9580187201499939,
        0.9591862559318542,
        0.9597557783126831,
        0.9604194164276123,
        0.9608247876167297,
        0.9617525339126587,
        0.9620016813278198,
        0.9624828696250916,
        0.9642707109451294,
        0.9641574025154114
    ],
    "recall_metric": [
        0.42287522554397583,
        0.8895252346992493,
        0.9146853089332581,
        0.924420952796936,
        0.9297764897346497,
        0.9323903918266296,
        0.9348958134651184,
        0.9375146627426147,
        0.9395976662635803,
        0.9418383240699768,
        0.9417696595191956,
        0.9440034627914429,
        0.9452606439590454,
        0.946010410785675,
        0.9472284913063049,
        0.9489309191703796,
        0.9495565295219421,
        0.9511125087738037,
        0.9535998702049255,
        0.9546754956245422
    ],
    "val_accuracy": [
        0.9400017261505127,
        0.9566980004310608,
        0.9633907079696655,
        0.9668983817100525,
        0.9688040018081665,
        0.9701739549636841,
        0.9712143540382385,
        0.9717548489570618,
        0.9728884100914001,
        0.9716315865516663,
        0.9740657210350037,
        0.9734130501747131,
        0.974733293056488,
        0.9742657542228699,
        0.9753521084785461,
        0.9749657511711121,
        0.9754668474197388,
        0.974216639995575,
        0.9762048721313477,
        0.9758359789848328
    ],
    "val_f1_metric": [
        0.885759711265564,
        0.9185491800308228,
        0.9301285743713379,
        0.9371552467346191,
        0.9405588507652283,
        0.9429537653923035,
        0.9447627663612366,
        0.9465456008911133,
        0.9483159780502319,
        0.9451781511306763,
        0.9509016275405884,
        0.9501206874847412,
        0.9524596929550171,
        0.9515863656997681,
        0.9535423517227173,
        0.9524065852165222,
        0.9533763527870178,
        0.9506262540817261,
        0.9552270174026489,
        0.9546011686325073
    ],
    "val_iou_metric": [
        0.7899898290634155,
        0.8463340997695923,
        0.8675756454467773,
        0.8804003000259399,
        0.8867586255073547,
        0.8914540410041809,
        0.894607663154602,
        0.8974400162696838,
        0.9010798335075378,
        0.8955396413803101,
        0.9057044982910156,
        0.904233992099762,
        0.9086014032363892,
        0.907071590423584,
        0.910615861415863,
        0.908568799495697,
        0.9105077981948853,
        0.9055442810058594,
        0.9138213396072388,
        0.9126335382461548
    ],
    "val_loss": [
        0.15296684205532074,
        0.10785337537527084,
        0.09144774824380875,
        0.0819898247718811,
        0.07691630721092224,
        0.0733981803059578,
        0.07031486928462982,
        0.06890860944986343,
        0.06681909412145615,
        0.06953375786542892,
        0.06363223493099213,
        0.06505025178194046,
        0.06176436319947243,
        0.0633411854505539,
        0.0604977160692215,
        0.061873652040958405,
        0.06083153188228607,
        0.06567592918872833,
        0.059565380215644836,
        0.060626693069934845
    ],
    "val_precision_metric": [
        0.9105680584907532,
        0.9130538702011108,
        0.9396003484725952,
        0.936240553855896,
        0.9440769553184509,
        0.9503734707832336,
        0.962158203125,
        0.947340190410614,
        0.9618188738822937,
        0.9745237231254578,
        0.9556412696838379,
        0.9404199123382568,
        0.9519777297973633,
        0.9455764293670654,
        0.9590047597885132,
        0.968307614326477,
        0.9672335982322693,
        0.9739198684692383,
        0.9600499272346497,
        0.954258918762207
    ],
    "val_recall_metric": [
        0.8630430102348328,
        0.9245824813842773,
        0.9211645126342773,
        0.9383201599121094,
        0.9372985363006592,
        0.9358342289924622,
        0.9281532764434814,
        0.9459091424942017,
        0.9353127479553223,
        0.9177056550979614,
        0.9463251233100891,
        0.9601387977600098,
        0.9530490040779114,
        0.9577770829200745,
        0.9482351541519165,
        0.9371259808540344,
        0.9400091171264648,
        0.9285244345664978,
        0.9505468010902405,
        0.9550408124923706
    ],
    "learning_rate": [
        4.999999873689376e-05,
        4.999999873689376e-05,
        4.999999873689376e-05,
        4.999999873689376e-05,
        4.999999873689376e-05,
        4.999999873689376e-05,
        4.999999873689376e-05,
        4.999999873689376e-05,
        4.999999873689376e-05,
        4.999999873689376e-05,
        4.999999873689376e-05,
        4.999999873689376e-05,
        4.999999873689376e-05,
        4.999999873689376e-05,
        4.999999873689376e-05,
        4.999999873689376e-05,
        4.999999873689376e-05,
        4.999999873689376e-05,
        2.499999936844688e-05,
        2.499999936844688e-05
    ]
}