{"accuracy": [0.7433127760887146, 0.869498074054718, 0.899871289730072, 0.9148005247116089, 0.9220077395439148, 0.9330759048461914, 0.9431145191192627, 0.9498069286346436, 0.953153133392334, 0.9526383280754089, 0.9572715759277344, 0.9634491801261902, 0.9652509689331055, 0.9722007513046265, 0.9801802039146423, 0.985328197479248, 0.9855855703353882, 0.9861003756523132, 0.9899613857269287, 0.991763174533844, 0.9927927851676941, 0.991248369216919, 0.9915058016777039, 0.9920206069946289, 0.9938223958015442, 0.992535412311554, 0.9951093792915344, 0.9943372011184692, 0.9958816170692444, 0.9951093792915344, 0.9948520064353943, 0.9953668117523193, 0.9953668117523193, 0.9948520064353943, 0.9958816170692444, 0.9951093792915344], "loss": [0.618436872959137, 0.32783856987953186, 0.25683027505874634, 0.20787857472896576, 0.19570408761501312, 0.16784405708312988, 0.15230029821395874, 0.13191033899784088, 0.12122926861047745, 0.11763721704483032, 0.10499975085258484, 0.09916062653064728, 0.09268546104431152, 0.07159055769443512, 0.06095864623785019, 0.04469379037618637, 0.04182681068778038, 0.03935743868350983, 0.03257245197892189, 0.030231919139623642, 0.023149320855736732, 0.028105266392230988, 0.02728850021958351, 0.02466944046318531, 0.020175617188215256, 0.0212763249874115, 0.019989309832453728, 0.019397646188735962, 0.016500812023878098, 0.017480993643403053, 0.01703440397977829, 0.01619606278836727, 0.01657327450811863, 0.015730632469058037, 0.01623305305838585, 0.015750620514154434], "val_accuracy": [0.8395833373069763, 0.8723849654197693, 0.874476969242096, 0.9058577418327332, 0.9163179993629456, 0.9476987719535828, 0.9435146450996399, 0.9539749026298523, 0.9456067085266113, 0.9497907757759094, 0.9476987719535828, 0.9435146450996399, 0.9351464509963989, 0.9497907757759094, 0.9518828392028809, 0.9476987719535828, 0.9539749026298523, 0.9539749026298523, 0.9602510333061218, 0.9581589698791504, 0.9602510333061218, 0.9560669660568237, 0.9539749026298523, 0.9518828392028809, 0.9560669660568237, 0.9560669660568237, 0.9518828392028809, 0.9560669660568237, 0.9581589698791504, 0.9560669660568237, 0.9602510333061218, 0.9581589698791504, 0.9602510333061218, 0.9581589698791504, 0.9560669660568237, 0.9560669660568237], "val_loss": [0.37441590428352356, 0.29513564705848694, 0.28866147994995117, 0.2256118804216385, 0.1946636289358139, 0.1440950334072113, 0.15251463651657104, 0.13562804460525513, 0.13620352745056152, 0.12405197322368622, 0.12677648663520813, 0.141204833984375, 0.16377043724060059, 0.14971593022346497, 0.15665417909622192, 0.12901125848293304, 0.10961201041936874, 0.11561781913042068, 0.11096420139074326, 0.11652611941099167, 0.10521639883518219, 0.10845119506120682, 0.11190121620893478, 0.1129690408706665, 0.10871516913175583, 0.08711975812911987, 0.10580543428659439, 0.09978890419006348, 0.09971380233764648, 0.10264290869235992, 0.0970785915851593, 0.1034427136182785, 0.10333844274282455, 0.10507368296384811, 0.10674162954092026, 0.10997482389211655], "learning_rate": [9.999999747378752e-05, 9.999999747378752e-05, 9.999999747378752e-05, 9.999999747378752e-05, 9.999999747378752e-05, 9.999999747378752e-05, 9.999999747378752e-05, 9.999999747378752e-05, 9.999999747378752e-05, 9.999999747378752e-05, 9.999999747378752e-05, 9.999999747378752e-05, 9.999999747378752e-05, 4.999999873689376e-05, 4.999999873689376e-05, 4.999999873689376e-05, 2.499999936844688e-05, 2.499999936844688e-05, 2.499999936844688e-05, 2.499999936844688e-05, 1.249999968422344e-05, 1.249999968422344e-05, 1.249999968422344e-05, 1.249999968422344e-05, 6.24999984211172e-06, 6.24999984211172e-06, 6.24999984211172e-06, 6.24999984211172e-06, 6.24999984211172e-06, 3.12499992105586e-06, 3.12499992105586e-06, 3.12499992105586e-06, 1.56249996052793e-06, 1.56249996052793e-06, 1.56249996052793e-06, 9.999999974752427e-07]}