{"accuracy": [0.8438786268234253, 0.9284427165985107, 0.9425997138023376, 0.9526383280754089, 0.9588159322738647, 0.9598455429077148, 0.9660231471061707, 0.9703989624977112, 0.970141589641571, 0.9722007513046265, 0.9724581837654114, 0.9734877943992615, 0.9778635501861572, 0.977091372013092, 0.9809523820877075, 0.9809523820877075, 0.9824967980384827, 0.9824967980384827, 0.9850707650184631, 0.9868726134300232, 0.9868726134300232, 0.9866151809692383, 0.9879021644592285, 0.9899613857269287, 0.9907335638999939, 0.992277979850769, 0.9904761910438538, 0.991763174533844, 0.9940797686576843, 0.9933075904846191, 0.9920206069946289, 0.992277979850769, 0.9938223958015442, 0.992535412311554, 0.9940797686576843, 0.9945945739746094], "loss": [0.4240296185016632, 0.208915576338768, 0.17076429724693298, 0.14970406889915466, 0.13180215656757355, 0.12153024226427078, 0.10993389040231705, 0.1022963747382164, 0.09550423175096512, 0.0879565104842186, 0.0814058780670166, 0.0799732357263565, 0.07163898646831512, 0.06900758296251297, 0.06301146000623703, 0.05956173688173294, 0.055878616869449615, 0.05480261147022247, 0.05066240578889847, 0.049116406589746475, 0.04363498091697693, 0.04153882712125778, 0.03995022550225258, 0.037355732172727585, 0.03506850823760033, 0.03361797332763672, 0.03423142060637474, 0.03080480359494686, 0.029634254053235054, 0.027926038950681686, 0.030607404187321663, 0.028412196785211563, 0.02639906294643879, 0.02780093438923359, 0.024826189503073692, 0.025194942951202393], "val_accuracy": [0.918749988079071, 0.9330543875694275, 0.9372385144233704, 0.9456067085266113, 0.9539749026298523, 0.9497907757759094, 0.9518828392028809, 0.9476987719535828, 0.9414225816726685, 0.9456067085266113, 0.9456067085266113, 0.9518828392028809, 0.9518828392028809, 0.9497907757759094, 0.9518828392028809, 0.9476987719535828, 0.9456067085266113, 0.9351464509963989, 0.9330543875694275, 0.9330543875694275, 0.9623430967330933, 0.9602510333061218, 0.9602510333061218, 0.9602510333061218, 0.9623430967330933, 0.9623430967330933, 0.9602510333061218, 0.9623430967330933, 0.9602510333061218, 0.9602510333061218, 0.9644351601600647, 0.9665272235870361, 0.9644351601600647, 0.9602510333061218, 0.9581589698791504, 0.9581589698791504], "val_loss": [0.24668297171592712, 0.1953660398721695, 0.17084258794784546, 0.1583269238471985, 0.13944046199321747, 0.1384626030921936, 0.13376553356647491, 0.12800118327140808, 0.13905945420265198, 0.14097601175308228, 0.14622342586517334, 0.12709397077560425, 0.12483096122741699, 0.13042117655277252, 0.11703488230705261, 0.13880696892738342, 0.1431361734867096, 0.14959129691123962, 0.148117333650589, 0.16133709251880646, 0.10476449877023697, 0.10672783851623535, 0.10608339309692383, 0.10314851254224777, 0.10227879136800766, 0.09173289686441422, 0.11498533934354782, 0.09571762382984161, 0.10487708449363708, 0.10505858808755875, 0.10046979039907455, 0.09204711019992828, 0.10175110399723053, 0.1057128980755806, 0.10750450193881989, 0.10507363826036453], "learning_rate": [9.999999747378752e-05, 9.999999747378752e-05, 9.999999747378752e-05, 9.999999747378752e-05, 9.999999747378752e-05, 9.999999747378752e-05, 9.999999747378752e-05, 9.999999747378752e-05, 9.999999747378752e-05, 9.999999747378752e-05, 9.999999747378752e-05, 9.999999747378752e-05, 9.999999747378752e-05, 9.999999747378752e-05, 9.999999747378752e-05, 9.999999747378752e-05, 9.999999747378752e-05, 9.999999747378752e-05, 9.999999747378752e-05, 9.999999747378752e-05, 4.999999873689376e-05, 4.999999873689376e-05, 4.999999873689376e-05, 4.999999873689376e-05, 4.999999873689376e-05, 4.999999873689376e-05, 4.999999873689376e-05, 4.999999873689376e-05, 4.999999873689376e-05, 4.999999873689376e-05, 4.999999873689376e-05, 2.499999936844688e-05, 2.499999936844688e-05, 2.499999936844688e-05, 2.499999936844688e-05, 2.499999936844688e-05]}