{
    "accuracy": [
        0.8283442258834839,
        0.9488438367843628,
        0.9601672887802124,
        0.9653061032295227,
        0.9686647653579712,
        0.9704793095588684,
        0.9715902805328369,
        0.9725607633590698,
        0.9731798768043518,
        0.9739364385604858,
        0.9745920300483704,
        0.9752936959266663,
        0.9757842421531677,
        0.975852370262146,
        0.9765147566795349,
        0.9768827557563782,
        0.9780352115631104,
        0.9784122705459595,
        0.9786629676818848,
        0.9790102243423462
    ],
    "f1_metric": [
        0.43371355533599854,
        0.9012377858161926,
        0.9229966998100281,
        0.9328645467758179,
        0.9392575621604919,
        0.9430725574493408,
        0.9452351927757263,
        0.9471544623374939,
        0.9483926296234131,
        0.9499833583831787,
        0.9512990117073059,
        0.9527118802070618,
        0.953735888004303,
        0.9538113474845886,
        0.9551336169242859,
        0.9558650851249695,
        0.9581591486930847,
        0.9589309692382812,
        0.9593713283538818,
        0.9601426124572754
    ],
    "iou_metric": [
        0.3717763125896454,
        0.8177867531776428,
        0.8554480075836182,
        0.8731094598770142,
        0.8847527503967285,
        0.8916208148002625,
        0.895535945892334,
        0.8990107178688049,
        0.9012451171875,
        0.9041483998298645,
        0.906576931476593,
        0.9091569781303406,
        0.9110046625137329,
        0.9111670255661011,
        0.913587212562561,
        0.9149324297904968,
        0.9191922545433044,
        0.9206254482269287,
        0.9214703440666199,
        0.9228915572166443
    ],
    "loss": [
        0.3663732707500458,
        0.1292433738708496,
        0.10015840828418732,
        0.08693075180053711,
        0.0782015323638916,
        0.07334628701210022,
        0.07086434960365295,
        0.06799386441707611,
        0.0662362277507782,
        0.06426210701465607,
        0.0624859519302845,
        0.06070787087082863,
        0.05921589583158493,
        0.05875170975923538,
        0.05718650668859482,
        0.05618366226553917,
        0.052963122725486755,
        0.0517733208835125,
        0.05110739544034004,
        0.050077930092811584
    ],
    "precision_metric": [
        0.885515034198761,
        0.9144128561019897,
        0.9307443499565125,
        0.9410150051116943,
        0.9469975829124451,
        0.9505355358123779,
        0.953283965587616,
        0.9550707936286926,
        0.9564696550369263,
        0.956961452960968,
        0.9584974050521851,
        0.9594144225120544,
        0.9602880477905273,
        0.9601660966873169,
        0.9615365862846375,
        0.961913526058197,
        0.9630446434020996,
        0.9635695219039917,
        0.9638826251029968,
        0.9642058610916138
    ],
    "recall_metric": [
        0.41380417346954346,
        0.8909208178520203,
        0.916647732257843,
        0.925777018070221,
        0.9322365522384644,
        0.9361281394958496,
        0.9377591013908386,
        0.9396756291389465,
        0.9408842325210571,
        0.943424642086029,
        0.9445421099662781,
        0.9463373422622681,
        0.9474733471870422,
        0.9479104280471802,
        0.9490891695022583,
        0.9501357078552246,
        0.953499436378479,
        0.9545175433158875,
        0.955112636089325,
        0.9562557339668274
    ],
    "val_accuracy": [
        0.9331951141357422,
        0.9558818340301514,
        0.9622743129730225,
        0.9657749533653259,
        0.9682288765907288,
        0.9696071743965149,
        0.9696972370147705,
        0.9717003703117371,
        0.9710865616798401,
        0.9711513519287109,
        0.9726263284683228,
        0.9722621440887451,
        0.9734984636306763,
        0.9727581739425659,
        0.9731158018112183,
        0.9725988507270813,
        0.974733293056488,
        0.9745397567749023,
        0.9741247296333313,
        0.9745137691497803
    ],
    "val_f1_metric": [
        0.8648573160171509,
        0.9143094420433044,
        0.9274225234985352,
        0.9352867603302002,
        0.9387445449829102,
        0.9413779973983765,
        0.9424821734428406,
        0.9461898803710938,
        0.9451497793197632,
        0.94426429271698,
        0.9472548961639404,
        0.9468086957931519,
        0.949850857257843,
        0.9474356174468994,
        0.9485463500022888,
        0.9473351240158081,
        0.9521223306655884,
        0.9517606496810913,
        0.9504101872444153,
        0.9515862464904785
    ],
    "val_iou_metric": [
        0.7595655918121338,
        0.8406942486763,
        0.8635038137435913,
        0.877478301525116,
        0.8839336037635803,
        0.8887384533882141,
        0.8908647894859314,
        0.8975566029548645,
        0.8957692980766296,
        0.8940790295600891,
        0.8996953368186951,
        0.8992487192153931,
        0.9041910767555237,
        0.8998414874076843,
        0.9016271829605103,
        0.899736762046814,
        0.908351719379425,
        0.9077045321464539,
        0.9054867625236511,
        0.9075608253479004
    ],
    "val_loss": [
        0.17454414069652557,
        0.1125841736793518,
        0.09503436088562012,
        0.08562595397233963,
        0.07999994605779648,
        0.07627008855342865,
        0.07632628828287125,
        0.07094188779592514,
        0.0716482400894165,
        0.07383395731449127,
        0.0681052878499031,
        0.06956151127815247,
        0.06734111160039902,
        0.06871739029884338,
        0.06877880543470383,
        0.0683668777346611,
        0.06346850097179413,
        0.0653909370303154,
        0.06744600087404251,
        0.06667978316545486
    ],
    "val_precision_metric": [
        0.9547996520996094,
        0.9493213295936584,
        0.9451183676719666,
        0.9309535622596741,
        0.9568238258361816,
        0.9600692987442017,
        0.9396268725395203,
        0.9467251896858215,
        0.9410684108734131,
        0.9685491323471069,
        0.9635879993438721,
        0.9537249207496643,
        0.9520872235298157,
        0.9735584855079651,
        0.9606402516365051,
        0.9657232165336609,
        0.9570205211639404,
        0.957465410232544,
        0.9682374000549316,
        0.958103597164154
    ],
    "val_recall_metric": [
        0.7909189462661743,
        0.8821136951446533,
        0.9106776118278503,
        0.9398805499076843,
        0.9215631484985352,
        0.9236506819725037,
        0.9454936385154724,
        0.9458219408988953,
        0.9494386911392212,
        0.921389102935791,
        0.9316315650939941,
        0.9401390552520752,
        0.9477766752243042,
        0.9228588938713074,
        0.9369868636131287,
        0.9298086166381836,
        0.9473873972892761,
        0.946266770362854,
        0.9333800077438354,
        0.9452903270721436
    ],
    "learning_rate": [
        4.999999873689376e-05,
        4.999999873689376e-05,
        4.999999873689376e-05,
        4.999999873689376e-05,
        4.999999873689376e-05,
        4.999999873689376e-05,
        4.999999873689376e-05,
        4.999999873689376e-05,
        4.999999873689376e-05,
        4.999999873689376e-05,
        4.999999873689376e-05,
        4.999999873689376e-05,
        4.999999873689376e-05,
        4.999999873689376e-05,
        4.999999873689376e-05,
        4.999999873689376e-05,
        2.499999936844688e-05,
        2.499999936844688e-05,
        2.499999936844688e-05,
        2.499999936844688e-05
    ]
}