{
    "accuracy": [
        0.8523207306861877,
        0.9572251439094543,
        0.9642908573150635,
        0.9678319096565247,
        0.9702461361885071,
        0.9719444513320923,
        0.973222017288208,
        0.9742333292961121,
        0.9750968217849731,
        0.9757498502731323,
        0.9764496684074402,
        0.9767326712608337,
        0.9774113297462463,
        0.9779825210571289,
        0.9784702658653259,
        0.9788252115249634,
        0.9803357720375061,
        0.9808800220489502,
        0.9813816547393799,
        0.9824516177177429
    ],
    "f1_metric": [
        0.5322297215461731,
        0.9172723889350891,
        0.9310291409492493,
        0.9379183053970337,
        0.9426369667053223,
        0.9461048245429993,
        0.9484535455703735,
        0.9506300687789917,
        0.9523794054985046,
        0.9537089467048645,
        0.9551448225975037,
        0.9556986689567566,
        0.9570680856704712,
        0.9582083225250244,
        0.9591142535209656,
        0.959855854511261,
        0.9628263115882874,
        0.9638513326644897,
        0.9648029208183289,
        0.9668980240821838
    ],
    "iou_metric": [
        0.4614432454109192,
        0.8454706072807312,
        0.869807779788971,
        0.882184624671936,
        0.8907623291015625,
        0.8970654606819153,
        0.9013851284980774,
        0.9052902460098267,
        0.9085382223129272,
        0.9109635353088379,
        0.9135957956314087,
        0.9146392345428467,
        0.9171573519706726,
        0.9193122386932373,
        0.9209829568862915,
        0.9223836064338684,
        0.9279166460037231,
        0.9298680424690247,
        0.9316709637641907,
        0.9356253147125244
    ],
    "loss": [
        0.32177937030792236,
        0.10873600840568542,
        0.09009121358394623,
        0.08080465346574783,
        0.07425043731927872,
        0.06969668716192245,
        0.0662350282073021,
        0.06354011595249176,
        0.06122304126620293,
        0.05941993370652199,
        0.05741580203175545,
        0.05659814551472664,
        0.05462299659848213,
        0.05302749201655388,
        0.05156881734728813,
        0.05045231804251671,
        0.04641938954591751,
        0.04483048617839813,
        0.04352525994181633,
        0.040775224566459656
    ],
    "precision_metric": [
        0.9309744834899902,
        0.9302225708961487,
        0.940813422203064,
        0.9471956491470337,
        0.9511498212814331,
        0.954096794128418,
        0.9559249877929688,
        0.9576370716094971,
        0.9586779475212097,
        0.9597768187522888,
        0.9606104493141174,
        0.9610311985015869,
        0.9618027210235596,
        0.9623681306838989,
        0.9634267687797546,
        0.9638147950172424,
        0.9655932784080505,
        0.9663493037223816,
        0.9672012329101562,
        0.9687265157699585
    ],
    "recall_metric": [
        0.5080468058586121,
        0.9060020446777344,
        0.9222926497459412,
        0.9295151233673096,
        0.934800922870636,
        0.9386872053146362,
        0.941504180431366,
        0.9440022110939026,
        0.9464805126190186,
        0.9479745626449585,
        0.9499844908714294,
        0.9506511092185974,
        0.9525895118713379,
        0.9542949795722961,
        0.9550401568412781,
        0.9561567306518555,
        0.9601907730102539,
        0.9614949822425842,
        0.9625422358512878,
        0.9651451110839844
    ],
    "val_accuracy": [
        0.9410631656646729,
        0.9612016677856445,
        0.964812159538269,
        0.9674769639968872,
        0.970009446144104,
        0.9716495275497437,
        0.9729251861572266,
        0.9733714461326599,
        0.973307192325592,
        0.9743925929069519,
        0.9736617207527161,
        0.9723808169364929,
        0.974633514881134,
        0.9744455814361572,
        0.9751302003860474,
        0.9752454161643982,
        0.9756189584732056,
        0.9758840799331665,
        0.9757587909698486,
        0.9757705926895142
    ],
    "val_f1_metric": [
        0.8934009671211243,
        0.9263692498207092,
        0.9318119883537292,
        0.9386202692985535,
        0.9428415298461914,
        0.94633948802948,
        0.9487467408180237,
        0.949726939201355,
        0.949611485004425,
        0.9519907832145691,
        0.94997239112854,
        0.9486272931098938,
        0.9526175260543823,
        0.9514760971069336,
        0.9532933831214905,
        0.9536096453666687,
        0.9545248746871948,
        0.9548588395118713,
        0.9546370506286621,
        0.9544375538825989
    ],
    "val_iou_metric": [
        0.8042429089546204,
        0.8610895872116089,
        0.871291995048523,
        0.8832540512084961,
        0.8908934593200684,
        0.8974350690841675,
        0.9019553661346436,
        0.9036096930503845,
        0.9034774303436279,
        0.9077717661857605,
        0.9043067693710327,
        0.901587724685669,
        0.9090563654899597,
        0.9069381952285767,
        0.9101338982582092,
        0.9109697937965393,
        0.9124407172203064,
        0.913122832775116,
        0.9127891063690186,
        0.9124553799629211
    ],
    "val_loss": [
        0.14746376872062683,
        0.09696653485298157,
        0.08762206882238388,
        0.08089856803417206,
        0.07466985285282135,
        0.07047785818576813,
        0.06703906506299973,
        0.06619400531053543,
        0.06579508632421494,
        0.06306228041648865,
        0.06442004442214966,
        0.06759978830814362,
        0.06260994076728821,
        0.0655931830406189,
        0.06288062781095505,
        0.0633164718747139,
        0.06391766667366028,
        0.06689684092998505,
        0.06544298678636551,
        0.07013795524835587
    ],
    "val_precision_metric": [
        0.8556085228919983,
        0.930454671382904,
        0.9609338045120239,
        0.936854898929596,
        0.9603766202926636,
        0.9510892629623413,
        0.9562667608261108,
        0.9613775014877319,
        0.9573656320571899,
        0.9530748724937439,
        0.9704669117927551,
        0.9320275783538818,
        0.9509185552597046,
        0.9719926118850708,
        0.9617294073104858,
        0.9539907574653625,
        0.9540309309959412,
        0.9590981006622314,
        0.9571256041526794,
        0.9633185863494873
    ],
    "val_recall_metric": [
        0.9355560541152954,
        0.9229590892791748,
        0.9049016833305359,
        0.9407328963279724,
        0.926258385181427,
        0.9418758749961853,
        0.9415311813354492,
        0.9385578036308289,
        0.9421682357788086,
        0.9510873556137085,
        0.9304991960525513,
        0.9660102128982544,
        0.9544731378555298,
        0.9319766163825989,
        0.9451802968978882,
        0.9533654451370239,
        0.9551623463630676,
        0.9508086442947388,
        0.9522954821586609,
        0.9458523392677307
    ],
    "learning_rate": [
        9.999999747378752e-05,
        9.999999747378752e-05,
        9.999999747378752e-05,
        9.999999747378752e-05,
        9.999999747378752e-05,
        9.999999747378752e-05,
        9.999999747378752e-05,
        9.999999747378752e-05,
        9.999999747378752e-05,
        9.999999747378752e-05,
        9.999999747378752e-05,
        9.999999747378752e-05,
        9.999999747378752e-05,
        9.999999747378752e-05,
        9.999999747378752e-05,
        9.999999747378752e-05,
        4.999999873689376e-05,
        4.999999873689376e-05,
        4.999999873689376e-05,
        2.499999936844688e-05
    ]
}