{
    "accuracy": [
        0.8573479652404785,
        0.9581784009933472,
        0.9659317135810852,
        0.96869957447052,
        0.9706262350082397,
        0.9724765419960022,
        0.9735264778137207,
        0.9745795130729675,
        0.9751776456832886,
        0.9755808711051941,
        0.9762798547744751,
        0.9765852093696594,
        0.9773249626159668,
        0.9779667854309082,
        0.9784389734268188,
        0.9789615273475647,
        0.9803957939147949,
        0.9808671474456787,
        0.9813527464866638,
        0.9822906255722046
    ],
    "f1_metric": [
        0.5531386137008667,
        0.9191532731056213,
        0.9342080354690552,
        0.9397515058517456,
        0.9433753490447998,
        0.9471418857574463,
        0.9492454528808594,
        0.9513251781463623,
        0.9524965882301331,
        0.9533699750900269,
        0.9547451138496399,
        0.9553289413452148,
        0.9568449258804321,
        0.9581243395805359,
        0.959121584892273,
        0.9600673317909241,
        0.9628695845603943,
        0.9638311862945557,
        0.9647589921951294,
        0.9665789008140564
    ],
    "iou_metric": [
        0.4799833595752716,
        0.8486011028289795,
        0.875401496887207,
        0.8854355812072754,
        0.8921580910682678,
        0.8989303112030029,
        0.9027583003044128,
        0.9065836071968079,
        0.9087312817573547,
        0.9103440046310425,
        0.9128692150115967,
        0.9139792919158936,
        0.9167525768280029,
        0.9190887212753296,
        0.9209737777709961,
        0.9227402210235596,
        0.9279905557632446,
        0.9298149347305298,
        0.9315828084945679,
        0.9350331425666809
    ],
    "loss": [
        0.3132413625717163,
        0.10659762471914291,
        0.08617424219846725,
        0.07845322042703629,
        0.07343831658363342,
        0.0684002935886383,
        0.06564006209373474,
        0.06274771690368652,
        0.06111646443605423,
        0.05975040793418884,
        0.0579281747341156,
        0.05711507797241211,
        0.05489987134933472,
        0.05313494801521301,
        0.05164654552936554,
        0.05026955157518387,
        0.04637446254491806,
        0.04502466320991516,
        0.04374726116657257,
        0.041318997740745544
    ],
    "precision_metric": [
        0.9133012890815735,
        0.9314223527908325,
        0.9433354735374451,
        0.9484469294548035,
        0.9519752264022827,
        0.9555514454841614,
        0.9571394920349121,
        0.9589188098907471,
        0.959542453289032,
        0.9600908160209656,
        0.9611365795135498,
        0.9612298011779785,
        0.9623353481292725,
        0.9631635546684265,
        0.9635170698165894,
        0.9642094969749451,
        0.96622633934021,
        0.9665766358375549,
        0.9675664305686951,
        0.9687415361404419
    ],
    "recall_metric": [
        0.5264343023300171,
        0.9086108803749084,
        0.9259445667266846,
        0.9318860769271851,
        0.9354737997055054,
        0.9392530918121338,
        0.9418225884437561,
        0.9441109895706177,
        0.9458664655685425,
        0.9471055269241333,
        0.9487056136131287,
        0.9498104453086853,
        0.9516355395317078,
        0.9533429741859436,
        0.9549520611763,
        0.9561203718185425,
        0.9596326947212219,
        0.9612261056900024,
        0.9621042609214783,
        0.964529275894165
    ],
    "val_accuracy": [
        0.9443080425262451,
        0.9635934829711914,
        0.9672231674194336,
        0.9709018468856812,
        0.9716672897338867,
        0.9726577997207642,
        0.9734025001525879,
        0.9741221070289612,
        0.9743732810020447,
        0.9752185940742493,
        0.9729877710342407,
        0.9750698804855347,
        0.9759311079978943,
        0.9744154214859009,
        0.9755415320396423,
        0.975703239440918,
        0.9764809012413025,
        0.9760667681694031,
        0.9753026366233826,
        0.9762054681777954
    ],
    "val_f1_metric": [
        0.8877444863319397,
        0.9299748539924622,
        0.9360395073890686,
        0.9443798661231995,
        0.9456788897514343,
        0.9476051330566406,
        0.9489885568618774,
        0.9510400891304016,
        0.9512993097305298,
        0.953016459941864,
        0.9477724432945251,
        0.9523370862007141,
        0.9543319940567017,
        0.9520241022109985,
        0.9537575244903564,
        0.9539985656738281,
        0.9557079672813416,
        0.9545626044273376,
        0.9528778791427612,
        0.9552503824234009
    ],
    "val_iou_metric": [
        0.7970191240310669,
        0.8678284883499146,
        0.8790078163146973,
        0.8939003944396973,
        0.8960859775543213,
        0.8998478055000305,
        0.902290940284729,
        0.9059606194496155,
        0.9065830111503601,
        0.909677267074585,
        0.9003089666366577,
        0.9084688425064087,
        0.9122002124786377,
        0.907993733882904,
        0.9109380841255188,
        0.91155606508255,
        0.9146811962127686,
        0.9126535654067993,
        0.9095876812934875,
        0.9138832092285156
    ],
    "val_loss": [
        0.14036928117275238,
        0.09302256256341934,
        0.0823097676038742,
        0.07245263457298279,
        0.0691542997956276,
        0.0669158548116684,
        0.06531444936990738,
        0.06340903043746948,
        0.06327279657125473,
        0.0606272853910923,
        0.0662338063120842,
        0.06103185936808586,
        0.059325799345970154,
        0.06255517154932022,
        0.06044839695096016,
        0.06015924736857414,
        0.06021701544523239,
        0.06334339082241058,
        0.06523623317480087,
        0.0646260529756546
    ],
    "val_precision_metric": [
        0.9617308378219604,
        0.9446445107460022,
        0.9671369194984436,
        0.9556002020835876,
        0.9616166949272156,
        0.9633126258850098,
        0.969434916973114,
        0.9507749676704407,
        0.965001106262207,
        0.9588198065757751,
        0.9789875149726868,
        0.9703187942504883,
        0.9640598893165588,
        0.9445233941078186,
        0.9574748873710632,
        0.959513783454895,
        0.9582177400588989,
        0.9688524007797241,
        0.9677507281303406,
        0.9556203484535217
    ],
    "val_recall_metric": [
        0.8247070908546448,
        0.9160166382789612,
        0.9070752263069153,
        0.9335829019546509,
        0.9304235577583313,
        0.9325429797172546,
        0.929519772529602,
        0.9514296054840088,
        0.9380959272384644,
        0.9474053382873535,
        0.9185996055603027,
        0.9351316094398499,
        0.944898247718811,
        0.9597601890563965,
        0.9501803517341614,
        0.9486608505249023,
        0.9533169865608215,
        0.9407950639724731,
        0.9385597705841064,
        0.9549810886383057
    ],
    "learning_rate": [
        9.999999747378752e-05,
        9.999999747378752e-05,
        9.999999747378752e-05,
        9.999999747378752e-05,
        9.999999747378752e-05,
        9.999999747378752e-05,
        9.999999747378752e-05,
        9.999999747378752e-05,
        9.999999747378752e-05,
        9.999999747378752e-05,
        9.999999747378752e-05,
        9.999999747378752e-05,
        9.999999747378752e-05,
        9.999999747378752e-05,
        9.999999747378752e-05,
        9.999999747378752e-05,
        4.999999873689376e-05,
        4.999999873689376e-05,
        4.999999873689376e-05,
        2.499999936844688e-05
    ]
}