{"accuracy": [0.7749485373497009, 0.8774774670600891, 0.9088802933692932, 0.9312741160392761, 0.9405405521392822, 0.9487773776054382, 0.9585585594177246, 0.9639639854431152, 0.9745173454284668, 0.9850707650184631, 0.9889317750930786, 0.9907335638999939, 0.9940797686576843, 0.9956241846084595, 0.9961389899253845], "loss": [0.5519081354141235, 0.3059857189655304, 0.23404011130332947, 0.19143515825271606, 0.15999455749988556, 0.12774266302585602, 0.1085071712732315, 0.09778513759374619, 0.0663658156991005, 0.04755192622542381, 0.04191823676228523, 0.031387098133563995, 0.022521886974573135, 0.01998043805360794, 0.01747918501496315], "val_accuracy": [0.8812500238418579, 0.9058577418327332, 0.9058577418327332, 0.926778256893158, 0.9351464509963989, 0.926778256893158, 0.9163179993629456, 0.9456067085266113, 0.930962324142456, 0.939330518245697, 0.9351464509963989, 0.939330518245697, 0.9476987719535828, 0.939330518245697, 0.939330518245697], "val_loss": [0.31990087032318115, 0.2209538072347641, 0.21688403189182281, 0.16764293611049652, 0.14288108050823212, 0.168955996632576, 0.2616427540779114, 0.17747405171394348, 0.20851969718933105, 0.18216341733932495, 0.19137412309646606, 0.180366650223732, 0.17161087691783905, 0.1978907585144043, 0.1768074482679367], "learning_rate": [9.999999747378752e-05, 9.999999747378752e-05, 9.999999747378752e-05, 9.999999747378752e-05, 9.999999747378752e-05, 9.999999747378752e-05, 9.999999747378752e-05, 9.999999747378752e-05, 4.999999873689376e-05, 4.999999873689376e-05, 4.999999873689376e-05, 2.499999936844688e-05, 2.499999936844688e-05, 2.499999936844688e-05, 1.249999968422344e-05]}