{"accuracy": [0.7615740895271301, 0.8751608729362488, 0.9050192832946777, 0.923294723033905, 0.9281853437423706, 0.9428571462631226, 0.946718156337738, 0.9580437541007996, 0.9588159322738647, 0.9678249955177307, 0.9670527577400208, 0.9752895832061768, 0.9804375767707825, 0.9788931608200073, 0.9845559597015381, 0.9899613857269287, 0.9909909963607788, 0.9909909963607788, 0.9966537952423096, 0.9971686005592346, 0.9958816170692444, 0.9979407787322998], "loss": [0.576193630695343, 0.3167531192302704, 0.24687224626541138, 0.205281063914299, 0.18285587430000305, 0.15234404802322388, 0.13821110129356384, 0.11323501169681549, 0.10785168409347534, 0.09006483107805252, 0.08662372082471848, 0.07096175104379654, 0.05418269708752632, 0.05897510051727295, 0.050026606768369675, 0.029461419209837914, 0.025978822261095047, 0.026522675529122353, 0.014834034256637096, 0.01132475771009922, 0.012293225154280663, 0.009085982106626034], "val_accuracy": [0.8729166388511658, 0.8953974843025208, 0.9121338725090027, 0.9246861934661865, 0.9351464509963989, 0.9414225816726685, 0.9414225816726685, 0.939330518245697, 0.9518828392028809, 0.9476987719535828, 0.9351464509963989, 0.9560669660568237, 0.9581589698791504, 0.9330543875694275, 0.9497907757759094, 0.9330543875694275, 0.9330543875694275, 0.939330518245697, 0.9518828392028809, 0.9456067085266113, 0.9539749026298523, 0.9518828392028809], "val_loss": [0.35265785455703735, 0.23939967155456543, 0.19820591807365417, 0.19649295508861542, 0.16615766286849976, 0.16145533323287964, 0.15149596333503723, 0.16063958406448364, 0.1476425677537918, 0.1299135982990265, 0.15710881352424622, 0.1027025431394577, 0.12039586156606674, 0.15641725063323975, 0.13659034669399261, 0.2157668024301529, 0.19649894535541534, 0.1743035614490509, 0.13379380106925964, 0.1319081336259842, 0.12875896692276, 0.1129186600446701], "learning_rate": [9.999999747378752e-05, 9.999999747378752e-05, 9.999999747378752e-05, 9.999999747378752e-05, 9.999999747378752e-05, 9.999999747378752e-05, 9.999999747378752e-05, 9.999999747378752e-05, 9.999999747378752e-05, 9.999999747378752e-05, 9.999999747378752e-05, 9.999999747378752e-05, 9.999999747378752e-05, 9.999999747378752e-05, 9.999999747378752e-05, 4.999999873689376e-05, 4.999999873689376e-05, 4.999999873689376e-05, 2.499999936844688e-05, 2.499999936844688e-05, 2.499999936844688e-05, 1.249999968422344e-05]}