{"accuracy": [0.6286008358001709, 0.7691119909286499, 0.8102959990501404, 0.8432432413101196, 0.8563706278800964, 0.8651222586631775, 0.8710424900054932, 0.8795366883277893, 0.8815959095954895, 0.8844273090362549, 0.8885456919670105, 0.891634464263916, 0.8934363126754761, 0.8960102796554565, 0.899356484413147, 0.9037322998046875, 0.9057915210723877, 0.9070785045623779, 0.9106820821762085, 0.9114543199539185, 0.9117116928100586, 0.9140282869338989, 0.9160875082015991, 0.9189189076423645, 0.9204633235931396, 0.9202058911323547, 0.9207206964492798, 0.9222651124000549, 0.9214929342269897, 0.9250965118408203, 0.9261261224746704, 0.9263835549354553, 0.9250965118408203, 0.9299871325492859, 0.9289575219154358, 0.931016743183136, 0.9287001490592957, 0.931531548500061, 0.9323037266731262, 0.9348777532577515, 0.9335907101631165, 0.9356499314308167, 0.9338481426239014, 0.9359073638916016, 0.9366795420646667, 0.9382239580154419, 0.9371943473815918, 0.937966525554657, 0.938481330871582, 0.9413127303123474, 0.9433719515800476, 0.9405405521392822, 0.9431145191192627, 0.9438867568969727, 0.9441441297531128, 0.946203351020813, 0.9444015622138977, 0.9451737403869629, 0.9464607238769531, 0.9433719515800476, 0.9485199451446533, 0.9456885457038879, 0.946718156337738, 0.9469755291938782, 0.9480051398277283, 0.9469755291938782, 0.9480051398277283, 0.9446589350700378, 0.9482625722885132, 0.9490347504615784, 0.9516087770462036, 0.9521235227584839, 0.9485199451446533, 0.9505791664123535], "loss": [1.0463967323303223, 0.7475558519363403, 0.5875882506370544, 0.49490851163864136, 0.4370361566543579, 0.400652140378952, 0.37358930706977844, 0.35167378187179565, 0.33162152767181396, 0.31942594051361084, 0.30828186869621277, 0.29585081338882446, 0.2872752249240875, 0.2802862823009491, 0.27286815643310547, 0.2654149830341339, 0.2614205479621887, 0.25260356068611145, 0.24384528398513794, 0.24247275292873383, 0.23745621740818024, 0.23396649956703186, 0.22806069254875183, 0.22578860819339752, 0.21829406917095184, 0.2191246747970581, 0.21462993323802948, 0.21372166275978088, 0.20955950021743774, 0.20634035766124725, 0.20283399522304535, 0.20004376769065857, 0.2017877846956253, 0.19498410820960999, 0.19373559951782227, 0.19001568853855133, 0.1902615875005722, 0.1857672780752182, 0.18490366637706757, 0.18222559988498688, 0.18103159964084625, 0.17707018554210663, 0.1745387315750122, 0.1742849051952362, 0.17205138504505157, 0.17366468906402588, 0.17235776782035828, 0.16882330179214478, 0.16720882058143616, 0.16495443880558014, 0.1628211885690689, 0.16341432929039001, 0.16001437604427338, 0.15712837874889374, 0.15487545728683472, 0.15451733767986298, 0.1553775817155838, 0.15426106750965118, 0.15223102271556854, 0.15220949053764343, 0.14931103587150574, 0.15050970017910004, 0.14918680489063263, 0.14700424671173096, 0.14515049755573273, 0.1458241492509842, 0.14444036781787872, 0.14318299293518066, 0.14122632145881653, 0.14227619767189026, 0.13942544162273407, 0.13980822265148163, 0.14192689955234528, 0.1399412900209427], "val_accuracy": [0.7729166746139526, 0.7949790954589844, 0.8305439352989197, 0.8430962562561035, 0.8451882600784302, 0.8535565137863159, 0.8598326444625854, 0.874476969242096, 0.8807531595230103, 0.8849372267723083, 0.8912134170532227, 0.8933054208755493, 0.8953974843025208, 0.8953974843025208, 0.9037656784057617, 0.8995816111564636, 0.9016736149787903, 0.9058577418327332, 0.910041868686676, 0.9058577418327332, 0.9037656784057617, 0.9058577418327332, 0.910041868686676, 0.9163179993629456, 0.9142259359359741, 0.9142259359359741, 0.9142259359359741, 0.9205020666122437, 0.918410062789917, 0.9205020666122437, 0.918410062789917, 0.9246861934661865, 0.926778256893158, 0.9246861934661865, 0.9205020666122437, 0.926778256893158, 0.9225941300392151, 0.9330543875694275, 0.9330543875694275, 0.9330543875694275, 0.939330518245697, 0.9414225816726685, 0.939330518245697, 0.939330518245697, 0.939330518245697, 0.9414225816726685, 0.9351464509963989, 0.9372385144233704, 0.9414225816726685, 0.9372385144233704, 0.9414225816726685, 0.9330543875694275, 0.9456067085266113, 0.9435146450996399, 0.9435146450996399, 0.9456067085266113, 0.9476987719535828, 0.9476987719535828, 0.9456067085266113, 0.9476987719535828, 0.9456067085266113, 0.9458333253860474, 0.9497907757759094, 0.9518828392028809, 0.9518828392028809, 0.9539749026298523, 0.9518828392028809, 0.9518828392028809, 0.9476987719535828, 0.9476987719535828, 0.9435146450996399, 0.9497907757759094, 0.9497907757759094, 0.9497907757759094], "val_loss": [0.8384793400764465, 0.633331835269928, 0.5171391367912292, 0.44854024052619934, 0.4072543680667877, 0.3800407648086548, 0.3566886782646179, 0.3428439795970917, 0.32590851187705994, 0.31592246890068054, 0.3017950654029846, 0.2892426550388336, 0.2778541147708893, 0.2755303978919983, 0.26691845059394836, 0.26304930448532104, 0.2602006196975708, 0.252517968416214, 0.24108050763607025, 0.24105773866176605, 0.2320983111858368, 0.23004315793514252, 0.22327399253845215, 0.2151796817779541, 0.2180997133255005, 0.2069646716117859, 0.2090366631746292, 0.2042001187801361, 0.2035815417766571, 0.200815349817276, 0.19737856090068817, 0.19276373088359833, 0.1899951696395874, 0.19082093238830566, 0.19101153314113617, 0.18945994973182678, 0.18473893404006958, 0.17894825339317322, 0.17720898985862732, 0.17854496836662292, 0.17619574069976807, 0.17291922867298126, 0.1678716093301773, 0.1644783914089203, 0.1691654771566391, 0.16668283939361572, 0.1635764092206955, 0.16137950122356415, 0.1555434763431549, 0.15745195746421814, 0.1560240536928177, 0.15747292339801788, 0.1482023447751999, 0.14799000322818756, 0.15001697838306427, 0.14879631996154785, 0.14288972318172455, 0.1402643471956253, 0.14435268938541412, 0.14110559225082397, 0.1435583382844925, 0.14210540056228638, 0.14048324525356293, 0.13584056496620178, 0.1396811157464981, 0.13705115020275116, 0.13821706175804138, 0.13838718831539154, 0.13891641795635223, 0.13947899639606476, 0.14024147391319275, 0.1391720175743103, 0.13720360398292542, 0.13798676431179047], "learning_rate": [9.999999747378752e-05, 9.999999747378752e-05, 9.999999747378752e-05, 9.999999747378752e-05, 9.999999747378752e-05, 9.999999747378752e-05, 9.999999747378752e-05, 9.999999747378752e-05, 9.999999747378752e-05, 9.999999747378752e-05, 9.999999747378752e-05, 9.999999747378752e-05, 9.999999747378752e-05, 9.999999747378752e-05, 9.999999747378752e-05, 9.999999747378752e-05, 9.999999747378752e-05, 9.999999747378752e-05, 9.999999747378752e-05, 9.999999747378752e-05, 9.999999747378752e-05, 9.999999747378752e-05, 9.999999747378752e-05, 9.999999747378752e-05, 9.999999747378752e-05, 9.999999747378752e-05, 9.999999747378752e-05, 9.999999747378752e-05, 9.999999747378752e-05, 9.999999747378752e-05, 9.999999747378752e-05, 9.999999747378752e-05, 9.999999747378752e-05, 9.999999747378752e-05, 9.999999747378752e-05, 9.999999747378752e-05, 9.999999747378752e-05, 9.999999747378752e-05, 9.999999747378752e-05, 9.999999747378752e-05, 9.999999747378752e-05, 9.999999747378752e-05, 9.999999747378752e-05, 9.999999747378752e-05, 9.999999747378752e-05, 9.999999747378752e-05, 9.999999747378752e-05, 9.999999747378752e-05, 9.999999747378752e-05, 9.999999747378752e-05, 9.999999747378752e-05, 9.999999747378752e-05, 9.999999747378752e-05, 9.999999747378752e-05, 9.999999747378752e-05, 9.999999747378752e-05, 9.999999747378752e-05, 9.999999747378752e-05, 9.999999747378752e-05, 9.999999747378752e-05, 9.999999747378752e-05, 9.999999747378752e-05, 9.999999747378752e-05, 4.999999873689376e-05, 4.999999873689376e-05, 4.999999873689376e-05, 4.999999873689376e-05, 4.999999873689376e-05, 4.999999873689376e-05, 2.499999936844688e-05, 2.499999936844688e-05, 2.499999936844688e-05, 2.499999936844688e-05, 2.499999936844688e-05]}