{"accuracy": [0.769032895565033, 0.8815959095954895, 0.9104247093200684, 0.9325611591339111, 0.9405405521392822, 0.9528957605361938, 0.9575289487838745, 0.9577863812446594, 0.9750321507453918, 0.9822393655776978, 0.9822393655776978, 0.985328197479248, 0.9889317750930786, 0.991763174533844, 0.992277979850769, 0.9956241846084595, 0.9971686005592346, 0.9971686005592346, 0.9956241846084595, 0.9961389899253845, 0.9976834058761597, 0.9981982111930847, 0.9979407787322998, 0.9981982111930847, 0.9987130165100098, 0.9997426271438599, 0.999485194683075, 0.9997426271438599, 0.9981982111930847, 0.9992278218269348, 0.9997426271438599, 0.9987130165100098, 1.0, 0.9992278218269348, 0.999485194683075, 0.999485194683075], "loss": [0.5580980777740479, 0.3099401295185089, 0.2284093052148819, 0.1791580617427826, 0.15838289260864258, 0.1285376250743866, 0.11227816343307495, 0.10633724927902222, 0.07296951860189438, 0.055286508053541183, 0.054691132158041, 0.04685243219137192, 0.030265340581536293, 0.026574106886982918, 0.023838326334953308, 0.016488954424858093, 0.013800529763102531, 0.013852446340024471, 0.014898779802024364, 0.012358964420855045, 0.0120879290625453, 0.008400757797062397, 0.009238096885383129, 0.008413154631853104, 0.00773676298558712, 0.0057771652936935425, 0.006307518575340509, 0.005749351345002651, 0.007677377667278051, 0.005170485936105251, 0.00425578560680151, 0.006173301488161087, 0.00477994792163372, 0.005546117201447487, 0.005425781011581421, 0.0045913574285805225], "val_accuracy": [0.8770833611488342, 0.9058577418327332, 0.9016736149787903, 0.9142259359359741, 0.9456067085266113, 0.9414225816726685, 0.9330543875694275, 0.9372385144233704, 0.9435146450996399, 0.9288703203201294, 0.939330518245697, 0.9456067085266113, 0.939330518245697, 0.9351464509963989, 0.939330518245697, 0.9539749026298523, 0.9539749026298523, 0.9518828392028809, 0.9581589698791504, 0.9476987719535828, 0.9560669660568237, 0.9560669660568237, 0.9560669660568237, 0.9581589698791504, 0.9560669660568237, 0.9581589698791504, 0.9581589698791504, 0.9602510333061218, 0.9581589698791504, 0.9539749026298523, 0.9602510333061218, 0.9602510333061218, 0.9581589698791504, 0.9581589698791504, 0.9560669660568237, 0.9581589698791504], "val_loss": [0.3464260995388031, 0.22782345116138458, 0.22915367782115936, 0.19937604665756226, 0.155389204621315, 0.16523399949073792, 0.18044279515743256, 0.1788414865732193, 0.1532028764486313, 0.18828538060188293, 0.15748444199562073, 0.15884022414684296, 0.17003940045833588, 0.18395951390266418, 0.17564930021762848, 0.14015287160873413, 0.14314603805541992, 0.13995744287967682, 0.13386908173561096, 0.15295620262622833, 0.14448381960391998, 0.15048357844352722, 0.1435365229845047, 0.14153318107128143, 0.1452953815460205, 0.12045455724000931, 0.13942229747772217, 0.13500528037548065, 0.13894140720367432, 0.14378052949905396, 0.1353541612625122, 0.1390417516231537, 0.13440756499767303, 0.1422455906867981, 0.14657656848430634, 0.14641518890857697], "learning_rate": [9.999999747378752e-05, 9.999999747378752e-05, 9.999999747378752e-05, 9.999999747378752e-05, 9.999999747378752e-05, 9.999999747378752e-05, 9.999999747378752e-05, 9.999999747378752e-05, 4.999999873689376e-05, 4.999999873689376e-05, 4.999999873689376e-05, 4.999999873689376e-05, 2.499999936844688e-05, 2.499999936844688e-05, 2.499999936844688e-05, 1.249999968422344e-05, 1.249999968422344e-05, 1.249999968422344e-05, 1.249999968422344e-05, 1.249999968422344e-05, 1.249999968422344e-05, 1.249999968422344e-05, 6.24999984211172e-06, 6.24999984211172e-06, 6.24999984211172e-06, 3.12499992105586e-06, 3.12499992105586e-06, 3.12499992105586e-06, 3.12499992105586e-06, 1.56249996052793e-06, 1.56249996052793e-06, 1.56249996052793e-06, 9.999999974752427e-07, 9.999999974752427e-07, 9.999999974752427e-07, 9.999999974752427e-07]}