{
    "accuracy": [
        0.8569285869598389,
        0.9588451981544495,
        0.9665898680686951,
        0.9696812033653259,
        0.9717416167259216,
        0.972835123538971,
        0.9740906953811646,
        0.9742627739906311,
        0.9752735495567322,
        0.9760562181472778,
        0.9767113924026489,
        0.9770603775978088,
        0.9776092171669006,
        0.9789807796478271,
        0.9795669913291931,
        0.9799434542655945,
        0.9802708625793457,
        0.9808461666107178,
        0.9819396138191223,
        0.9824253916740417
    ],
    "f1_metric": [
        0.5471525192260742,
        0.9205012917518616,
        0.9355577826499939,
        0.9416834115982056,
        0.9455683827400208,
        0.9479320645332336,
        0.9503557085990906,
        0.9507662057876587,
        0.9528763294219971,
        0.9544371366500854,
        0.955762505531311,
        0.9564815163612366,
        0.9575464129447937,
        0.9602147936820984,
        0.9613914489746094,
        0.9621159434318542,
        0.9626970887184143,
        0.9638395309448242,
        0.9659689664840698,
        0.9668979048728943
    ],
    "iou_metric": [
        0.47978392243385315,
        0.8511959314346313,
        0.8778812289237976,
        0.888996958732605,
        0.8961039185523987,
        0.9004308581352234,
        0.9048253893852234,
        0.9056208729743958,
        0.909426212310791,
        0.9123013615608215,
        0.9147449135780334,
        0.9160817265510559,
        0.9180221557617188,
        0.9229921102523804,
        0.9252092242240906,
        0.9265830516815186,
        0.9276834726333618,
        0.9298459887504578,
        0.9338703751564026,
        0.9356359243392944
    ],
    "loss": [
        0.30819275975227356,
        0.1045137569308281,
        0.08393705636262894,
        0.0759134441614151,
        0.07025083899497986,
        0.06746648997068405,
        0.06401138007640839,
        0.0634550079703331,
        0.06064734607934952,
        0.05869678035378456,
        0.056807853281497955,
        0.05556969344615936,
        0.0541202649474144,
        0.05024975538253784,
        0.04857615381479263,
        0.047454290091991425,
        0.046487245708703995,
        0.04493431746959686,
        0.042117275297641754,
        0.04087821766734123
    ],
    "precision_metric": [
        0.9021733999252319,
        0.9317063093185425,
        0.9441424012184143,
        0.9502016305923462,
        0.9540054798126221,
        0.9557617902755737,
        0.9579870700836182,
        0.9582840204238892,
        0.9593845009803772,
        0.9609345197677612,
        0.9613475203514099,
        0.9619608521461487,
        0.9627363085746765,
        0.9644051790237427,
        0.9650717973709106,
        0.9654667973518372,
        0.9658913612365723,
        0.9664793014526367,
        0.9683025479316711,
        0.9688845276832581
    ],
    "recall_metric": [
        0.5288305282592773,
        0.9108841419219971,
        0.9277961254119873,
        0.9338144063949585,
        0.9376345276832581,
        0.9405962228775024,
        0.9431650042533875,
        0.9438149929046631,
        0.9468112587928772,
        0.9483474493026733,
        0.9504623413085938,
        0.9513136148452759,
        0.9526249766349792,
        0.9561905860900879,
        0.957866370677948,
        0.95891273021698,
        0.9596846103668213,
        0.9613471031188965,
        0.9637296795845032,
        0.9649796485900879
    ],
    "val_accuracy": [
        0.9423876404762268,
        0.9646117687225342,
        0.9686807990074158,
        0.9699608683586121,
        0.9696238040924072,
        0.9730551242828369,
        0.9742553234100342,
        0.9745795130729675,
        0.9747616052627563,
        0.9759439826011658,
        0.9752655029296875,
        0.9750938415527344,
        0.9757532477378845,
        0.976803719997406,
        0.9772870540618896,
        0.9771230816841125,
        0.9764047265052795,
        0.9772385358810425,
        0.9773048162460327,
        0.9772827625274658
    ],
    "val_f1_metric": [
        0.8816694021224976,
        0.9313017129898071,
        0.9401469826698303,
        0.9415674805641174,
        0.942443311214447,
        0.9487321972846985,
        0.9510089755058289,
        0.9509516358375549,
        0.9515060186386108,
        0.9540398120880127,
        0.9524829983711243,
        0.9526532292366028,
        0.953244686126709,
        0.9558783769607544,
        0.9569574594497681,
        0.956817626953125,
        0.9554023742675781,
        0.9568700790405273,
        0.957040548324585,
        0.9570260047912598
    ],
    "val_iou_metric": [
        0.7873982191085815,
        0.8702830672264099,
        0.8862810730934143,
        0.8890963196754456,
        0.8904734253883362,
        0.9018771052360535,
        0.9063586592674255,
        0.906265139579773,
        0.9070994257926941,
        0.9118162393569946,
        0.9091596603393555,
        0.9091349244117737,
        0.9105901122093201,
        0.9153100848197937,
        0.917323112487793,
        0.9169203042984009,
        0.9145938754081726,
        0.9172939658164978,
        0.9175376892089844,
        0.9174798727035522
    ],
    "val_loss": [
        0.1511775404214859,
        0.08847840130329132,
        0.07850868999958038,
        0.07489219307899475,
        0.07754794508218765,
        0.06684936583042145,
        0.0642658919095993,
        0.06264779716730118,
        0.062171123921871185,
        0.06013519689440727,
        0.06038388982415199,
        0.06190577149391174,
        0.06219017505645752,
        0.061255019158124924,
        0.058503564447164536,
        0.06022651121020317,
        0.06305503100156784,
        0.062184374779462814,
        0.06405381113290787,
        0.06513651460409164
    ],
    "val_precision_metric": [
        0.973174512386322,
        0.9501925110816956,
        0.9365343451499939,
        0.9641401767730713,
        0.9251030683517456,
        0.945050835609436,
        0.9542164206504822,
        0.9689812660217285,
        0.967969536781311,
        0.9659261703491211,
        0.9711588025093079,
        0.9523391723632812,
        0.9757303595542908,
        0.9639927744865417,
        0.9643160700798035,
        0.9574536681175232,
        0.9568979144096375,
        0.9619219899177551,
        0.9619896411895752,
        0.9631397128105164
    ],
    "val_recall_metric": [
        0.8065486550331116,
        0.9135377407073975,
        0.9440743923187256,
        0.9203212857246399,
        0.9606562256813049,
        0.9526370167732239,
        0.9479789733886719,
        0.9337489008903503,
        0.9357693791389465,
        0.9426025152206421,
        0.9346767067909241,
        0.9531076550483704,
        0.9318990111351013,
        0.9480374455451965,
        0.9498316049575806,
        0.9563112258911133,
        0.9540566205978394,
        0.9519960284233093,
        0.9522613286972046,
        0.9511201977729797
    ],
    "learning_rate": [
        9.999999747378752e-05,
        9.999999747378752e-05,
        9.999999747378752e-05,
        9.999999747378752e-05,
        9.999999747378752e-05,
        9.999999747378752e-05,
        9.999999747378752e-05,
        9.999999747378752e-05,
        9.999999747378752e-05,
        9.999999747378752e-05,
        9.999999747378752e-05,
        9.999999747378752e-05,
        9.999999747378752e-05,
        4.999999873689376e-05,
        4.999999873689376e-05,
        4.999999873689376e-05,
        4.999999873689376e-05,
        4.999999873689376e-05,
        2.499999936844688e-05,
        2.499999936844688e-05
    ]
}